Workbook
Name Cat2AList: Lookup!$A$22:$A$32
Name Cat2BList: Lookup!$D$22:$D$33
Name Cat2CList: Lookup!$G$22:$G$33
Name Cat3AAuthorList: Lookup!$M$2:$M$4
Name Cat3AClassList: Lookup!$L$2:$L$7
Name Cat3BCategoryList: Lookup!$N$2:$N$12
Name CourseIn: Lookup!$J$2:$J$3
Name ExamMode: Lookup!$K$2:$K$5

Sheet Dashboard
A1: Internal Promotion Policy | B1: Eligibility for Post
A2: IPS-2017 | B2: Assitant Professor Level 11
A3: IPS-2022 | B3: Assitant Professor Level 12
B4: Assitant Professor Level 13A
B5: Assitant Professor Level 13B
B6: Assitant Professor Level 14A
A8: Category 1
A9: API 1.A | B9: API 1.B | C9: API 1.C | D9: Final API Score (Category 1)
A12: Category 2
A13: API 2.A | B13: API 2.B | C13: API 2.C | D13: Final API Score (Category 2)
A16: Category 3
A17: API 2.A | B17: API 2.B | C17: API 2.C | D17: Final API Score (Category 2)
A21: Ceiling | B21: API-1.A | C21: API-1.B | D21: API-1.C | E21: API-2.A | F21: API-2.B | G21: API-2.C | H21: API-3.A | I21: API-3.B
A22: IPS-2017 | B22: 60 | C22: 20 | D22: 15 | E22: 15 | F22: 15 | G22: 15 | H22: NA | I22: NA
A23: IPS-2022

Sheet Lookup
J1: CourseIn | K1: ExamMode | L1: Cat3A Classification List | M1: Cat3A Author List | N1: Cat3B Category List
A2: Minimum Threshold | J2: Post Graduate | K2: Examination Duty | L2: Papers in ABDC with A or A* | M2: Single Author | N2: Award and Fellowship
A3: IPS-2017 | B3: Categoy 1/Year | C3: Category 2/Last 4 Years | D3: Category 3/Last 4 Years | E3: (Category 2 + Category 3) / Last 4 Years | J3: Under Graduate | K3: Viva | L3: ABDC with B | M3: First or Corresponding Author/Supervisor/Mentor | N3: Invited Lecture
A4: Assistant Professor Level 12 | B4: 80 | C4: 70 | D4: 70 | E4: 160 | K4: Evaluation | L4: ABDC with C / Scopus / UGC | M4: Co-Author | N4: Papers Presented in Conferences/Seminars/Workshops
A5: Assistant Professor Level 13A | B5: 75 | C5: 70 | D5: 100 | E5: 190 | K5: Invigilation | L5: Any other / Impact Factor less than 1 | N5: Chapters in Books
A6: Associate Professor Level 13B | B6: 70 | C6: 70 | D6: 120 | E6: 220 | L6: Papers published in Refereed Journal (Without Impact Factor) | N6: Subject Books Published by National level Publisher/State with ISBN/ISSN Number
A7: Professor Level 14A | B7: 70 | C7: 70 | D7: 140 | E7: 230 | L7: Paper in Other Reputed Journal (Non-Refereed Journal) | N7: Subject Books published by Other local publishers, with ISBN/ISSN number
A8: IPS-2020 | B8: Categoy 1/Year | C8: Category 2/Last 4 Years | D8: Category 3/Last 4 Years | E8: (Category 2 + Category 3) / Last 4 Years | N8: Text/Reference Books published by an International Publisher with ISBN/ISSN number
A9: Assistant Professor Level 12 | N9: Research Guidance
A10: Assistant Professor Level 13A | N10: Consultancy Projects
A11: Associate Professor Level 13B | N11: Project Outcomes / Outputs
A12: Professor Level 14A | N12: Sponsored Research Projects
A14: Assumptions
A15: Academic Year Duration | B15: 1 July-30 June
A16: Average Feedback per Course | B16: 3.5
A18: Category 2 Tables
A21: Type | B21: Score | D21: Type | E21: Score | G21: Type | H21: Score
A22: NSS/NCC | B22: 100 | D22: Dean/Chairperson/Admission Committee Chairman | E22: 60 | G22: Seminar / Workshop / Symposia | H22: 20
A23: Counselling | B23: 50 | D23: Programme Director/Incharge (Certificate Programme) | E23: 45 | G23: Conferences | H23: 20
A24: Sports | B24: 20 | D24: Programme Director (Full-Time)/Part-Time/Executive | E24: 30 | G24: Faculty Development Course | H24: 20
A25: Exhibition | B25: 20 | D25: PD for MDP of 1-3 days | E25: 10 | G25: Short Term Training Courses | H25: 20
A26: Competition | B26: 20 | D26: PD for MDP of 3-7 days | E26: 12.5 | G26: Membership of Association (National Level) | H26: 30
A27: Departmental Cultural Activities | B27: 20 | D27: Examination Cell In-charge/Controller of Examination/Admission Committee Member | E27: 45 | G27: Membership of Association (State Level) | H27: 20
A28: NGO | B28: 100 | D28: Committee Member/Warden | E28: 15 | G28: General Article Publications | H28: 20
A29: Institutional Cultural Activities | B29: 50 | D29: Asst. Warden | E29: 7.5 | G29: General Awareness Activity | H29: 20
A30: Port Visit | B30: 200 | D30: Board Member | E30: 30 | G30: Community work | H30: 10
A31: Study Tour | B31: 20 | D31: GD/PI/VIVA | E31: 2 | G31: Editorial | H31: 100
A32: Workshop | B32: 50 | D32: Academic Council Coordinator | E32: 15 | G32: Committee Member | H32: 50
D33: BoM Member | E33: 15 | G33: Committee Chair | H33: 100
A36: Category 3 Tables
A39: Classification | B39: AuthorType | C39: Score | E39: Category | F39: Type | G39: Score
A40: Papers in ABDC with A or A* | B40: Single Author | C40: 45 | E40: Award and Fellowship | F40: International Award / Fellowship from Academic Bodies/Associations | G40: 15
A41: Papers in ABDC with A or A* | B41: First or Corresponding Author/Supervisor/Mentor | C41: 31.5 | E41: Award and Fellowship | F41: National Award / Fellowship from Academic Bodies/Associations | G41: 10
A42: Papers in ABDC with A or A* | B42: Co-Author | C42: 13.5 | E42: Award and Fellowship | F42: State / University Award/Fellowship from Academic Bodies/Associations | G42: 5
A43: ABDC with B | B43: Single Author | C43: 40 | E43: Invited Lecture | F43: International | G43: 7
A44: ABDC with B | B44: First or Corresponding Author/Supervisor/Mentor | C44: 28 | E44: Invited Lecture | F44: National | G44: 5
A45: ABDC with B | B45: Co-Author | C45: 12 | E45: Invited Lecture | F45: Regional/State/Local | G45: 3
A46: ABDC with C / Scopus / UGC | B46: Single Author | C46: 35 | E46: Papers Presented in Conferences/Seminars/Workshops | F46: International | G46: 5
A47: ABDC with C / Scopus / UGC | B47: First or Corresponding Author/Supervisor/Mentor | C47: 24.5 | E47: Papers Presented in Conferences/Seminars/Workshops | F47: National | G47: 3
A48: ABDC with C / Scopus / UGC | B48: Co-Author | C48: 10.5 | E48: Papers Presented in Conferences/Seminars/Workshops | F48: Regional/State | G48: 2
A49: Any other / Impact Factor less than 1 | B49: Single Author | C49: 30 | E49: Chapters in Books | F49: Coauthor (International) | G49: 3
A50: Any other / Impact Factor less than 1 | B50: First or Corresponding Author/Supervisor/Mentor | C50: 21 | E50: Chapters in Books | F50: Coauthor (National) | G50: 1.5
A51: Any other / Impact Factor less than 1 | B51: Co-Author | C51: 9 | E51: Chapters in Books | F51: First or Corresponding Author/Supervisor/Mentor (International) | G51: 7
... A57: Paper in Other Reputed Journal (Non-Refereed Journal) | B57: Co-Author | C57: 3 | E57: Subject Books Published by National level Publisher/State with ISBN/ISSN Number | F57: Single Author | G57: 20
E58: Subject Books published by Other local publishers, with ISBN/ISSN number | F58: Coauthor | G58: 4.5
E59: Subject Books published by Other local publishers, with ISBN/ISSN number | F59: First or Corresponding Author/Supervisor/Mentor | G59: 10.5
E60: Subject Books published by Other local publishers, with ISBN/ISSN number | F60: Single Author | G60: 15
E61: Text/Reference Books published by an International Publisher with ISBN/ISSN number | F61: Single Author | G61: 30
E62: Text/Reference Books published by an International Publisher with ISBN/ISSN number | F62: First or Corresponding Author/Supervisor/Mentor | G62: 21
E63: Text/Reference Books published by an International Publisher with ISBN/ISSN number | F63: Coauthor | G63: 9
E64: Research Guidance | F64: M.Phil | G64: 5
E65: Research Guidance | F65: Ph.D. Awarded | G65: 15
E66: Research Guidance | F66: Ph.D. thesis submitted | G66: 10
E67: Research Guidance | F67: MBA/Executive MBA / Part-Time / Weekend | G67: 3
E68: Consultancy Projects | F68: Sci./Engineering/Agri./Medical/Veterinary (Min 10.0 lakhs) | G68: 10
E69: Consultancy Projects | F69: Lang./Humanities/Arts/Social Sci./Mgmt. (Min 2.0 lakhs) | G69: 10
... E81: Sponsored Research Projects | F81: Sciences/Engineering/Agriculture/Medical/Veterinary Project between 1-5 lakhs | G81: 10
A83: Cat3A Classification | B83: Cat3A Author Type | E83: Cat3B Category | F83: Cat3B Type
A84: No Selection | B84: No Selection | E84: No Selection | F84: No Selection
A85: {=_xludf.UNIQUE(INDEX(Cat3A[],,1))} -> #NAME? | B85: =IFERROR(__xludf.DUMMYFUNCTION("UNIQUE(FILTER(INDEX(Cat3A,,2),INDEX(Cat3A,,1)='API 2025-26'!F114))"),"#N/A") -> #N/A | E85: {=_xludf.UNIQUE(INDEX(Cat3B[],,1))} -> #NAME? | F85: {=_xludf.UNIQUE(INDEX(Cat3B[],,2))} -> #NAME?
A86: #NAME? | E86: #NAME? | F86: #NAME?
A87: #NAME? | E87: #NAME? | F87: #NAME?
A88: #NAME? | E88: #NAME? | F88: #NAME?
A89: #NAME? | E89: #NAME? | F89: #NAME?
A90: #NAME? | E90: #NAME? | F90: #NAME?
E91: #NAME? | F91: #NAME?
E92: #NAME? | F92: #NAME?
E93: #NAME? | F93: #NAME?
E94: #NAME? | F94: #NAME?
E95: #NAME? | F95: #NAME?
F96: #NAME?
F97: #NAME?
F98: #NAME?
F99: #NAME?
F100: #NAME?
F101: #NAME?
F102: #NAME?
F103: #NAME?
F104: #NAME?
F105: #NAME?
F106: #NAME?
F107: #NAME?
... F118: #NAME?

Sheet API 2025-26
A1: Category 1
A2: A | B2: Direct Teaching
B4: S. No. | C4: Course Name | D4: Course in | E4: Course Hours | F4: Total Course Hours | G4: API Score | H4: AY | J4: Max: | K4: =60 -> 60
B5: 1 | F5: =IF(OR(C5="",D5="",E5=""),"",IF(D5="Post Graduate",ROUND(E5*7/3,0),IF(D5="Under Graduate",ROUND(ROUND(E5*7/3,0)/2,1),""))) | G5: =IF(F5="","",ROUND(F5/10,2)) | H5: ="2025-26" -> 2025-26
B6: 2 | F6: =IF(OR(C6="",D6="",E6=""),"",IF(D6="Post Graduate",ROUND(E6*7/3,0),IF(D6="Under Graduate",ROUND(ROUND(E6*7/3,0)/2,1),""))) | G6: =IF(F6="","",ROUND(F6/10,2)) | H6: ="2025-26" -> 2025-26
B7: 3 | F7: =IF(OR(C7="",D7="",E7=""),"",IF(D7="Post Graduate",ROUND(E7*7/3,0),IF(D7="Under Graduate",ROUND(ROUND(E7*7/3,0)/2,1),""))) | G7: =IF(F7="","",ROUND(F7/10,2)) | H7: ="2025-26" -> 2025-26
B8: 4 | F8: =IF(OR(C8="",D8="",E8=""),"",IF(D8="Post Graduate",ROUND(E8*7/3,0),IF(D8="Under Graduate",ROUND(ROUND(E8*7/3,0)/2,1),""))) | G8: =IF(F8="","",ROUND(F8/10,2)) | H8: ="2025-26" -> 2025-26
B9: 5 | F9: =IF(OR(C9="",D9="",E9=""),"",IF(D9="Post Graduate",ROUND(E9*7/3,0),IF(D9="Under Graduate",ROUND(ROUND(E9*7/3,0)/2,1),""))) | G9: =IF(F9="","",ROUND(F9/10,2)) | H9: ="2025-26" -> 2025-26
D10: Total Hours | E10: =SUM(E5:E9) -> 0 | F10: =SUM(F5:F9) -> 0 | G10: =SUM(G5:G9) -> 0 | H10: Final API 1.A
D11: API 1.A | E11: =G10 -> 0 | H11: =MIN(E11,K4) -> 0
A13: B | B13: Examination Duties/Invigilation/Question Paper Setting / Evaluation
B15: S. No. | C15: Course | D15: Activity | E15: Hours | F15: Score | G15: AY | J15: Max: | K15: =20 -> 20
B16: Score/Point for Question Paper Setting | D16: (No. of courses taught) X 10 | E16: =COUNTA(C5:C9)*10 -> 0 | F16: =ROUND(E16/10,2) -> 0 | G16: ="2025-26" -> 2025-26
B17: Score/Point for Answer script Evalutation | D17: (No. of courses taught) X 20 | E17: =COUNTA(C5:C9)*20 -> 0 | F17: =ROUND(E17/10,2) -> 0 | G17: ="2025-26" -> 2025-26
B18: 1 | F18: =IF(OR(D18="",E18=""),"",ROUND(E18/10,2)) | G18: ="2025-26" -> 2025-26
B19: 2 | F19: =IF(OR(D19="",E19=""),"",ROUND(E19/10,2)) | G19: ="2025-26" -> 2025-26
B20: 3 | F20: =IF(OR(D20="",E20=""),"",ROUND(E20/10,2)) | G20: ="2025-26" -> 2025-26
B21: 4 | F21: =IF(OR(D21="",E21=""),"",ROUND(E21/10,2)) | G21: ="2025-26" -> 2025-26
B22: 5 | F22: =IF(OR(D22="",E22=""),"",ROUND(E22/10,2)) | G22: ="2025-26" -> 2025-26
B23: 6 | F23: =IF(OR(D23="",E23=""),"",ROUND(E23/10,2)) | G23: ="2025-26" -> 2025-26
B24: 7 | F24: =IF(OR(D24="",E24=""),"",ROUND(E24/10,2)) | G24: ="2025-26" -> 2025-26
B25: 8 | F25: =IF(OR(D25="",E25=""),"",ROUND(E25/10,2)) | G25: ="2025-26" -> 2025-26
B26: 9 | F26: =IF(OR(D26="",E26=""),"",ROUND(E26/10,2)) | G26: ="2025-26" -> 2025-26
B27: 10 | F27: =IF(OR(D27="",E27=""),"",ROUND(E27/10,2)) | G27: ="2025-26" -> 2025-26
B28: 11 | F28: =IF(OR(D28="",E28=""),"",ROUND(E28/10,2)) | G28: ="2025-26" -> 2025-26
B29: 12 | F29: =IF(OR(D29="",E29=""),"",ROUND(E29/10,2)) | G29: ="2025-26" -> 2025-26
D30: Total | E30: =SUM(E16:E29) -> 0 | F30: =SUM(F16:F29) -> 0 | G30: Final API 1.B
D31: API 1.B | E31: =F30 -> 0 | G31: =MIN(E31,K15) -> 0
A33: C | B33: Innovative Teaching
B35: S. No. | C35: Course Name | D35: Course in | E35: Course Hours | F35: Innovative Teaching Hours | G35: AY | J35: Max: | K35: =15 -> 15
B36: 1 | C36: =IF(C5="","",C5) | D36: =IF(D5="","",D5) | E36: =IF(E5="","",E5) | F36: =IF(E36="","",ROUND(E36/3,2)) | G36: ="2025-26" -> 2025-26
B37: 2 | C37: =IF(C6="","",C6) | D37: =IF(D6="","",D6) | E37: =IF(E6="","",E6) | F37: =IF(E37="","",ROUND(E37/3,2)) | G37: ="2025-26" -> 2025-26
B38: 3 | C38: =IF(C7="","",C7) | D38: =IF(D7="","",D7) | E38: =IF(E7="","",E7) | F38: =IF(E38="","",ROUND(E38/3,2)) | G38: ="2025-26" -> 2025-26
B39: 4 | C39: =IF(C8="","",C8) | D39: =IF(D8="","",D8) | E39: =IF(E8="","",E8) | F39: =IF(E39="","",ROUND(E39/3,2)) | G39: ="2025-26" -> 2025-26
B40: 5 | C40: =IF(C9="","",C9) | D40: =IF(D9="","",D9) | E40: =IF(E9="","",E9) | F40: =IF(E40="","",ROUND(E40/3,2)) | G40: ="2025-26" -> 2025-26
E41: Total Hours | F41: =SUM(F36:F40) -> 0 | G41: Final API 1.C
E42: API-1.A | F42: =ROUND(F41/10,2) -> 0 | G42: =MIN(F42,K35) -> 0
B44: API-1.A | C44: API-1.B | D44: API-1.C | E44: Final Score (Category 1)
B45: =H11 -> 0 | C45: =G31 -> 0 | D45: =G42 -> 0 | E45: =SUM(B45:D45) -> 0
A47: Category 2
A48: A | B48: Co-Curricular
B50: S. No. | C50: Supporting Details | D50: Co-Curricular Activity | E50: Score | F50: Points | G50: AY | J50: Max: | K50: 15
B51: 1 | E51: =IFERROR(VLOOKUP(D51,Cat2A[],2,FALSE),"") | F51: =IF(E51="","",E51/10) | G51: ="2025-26" -> 2025-26
B52: 2 | E52: =IFERROR(VLOOKUP(D52,Cat2A[],2,FALSE),"") | F52: =IF(E52="","",E52/10) | G52: ="2025-26" -> 2025-26
B53: 3 | E53: =IFERROR(VLOOKUP(D53,Cat2A[],2,FALSE),"") | F53: =IF(E53="","",E53/10) | G53: ="2025-26" -> 2025-26
B54: 4 | E54: =IFERROR(VLOOKUP(D54,Cat2A[],2,FALSE),"") | F54: =IF(E54="","",E54/10) | G54: ="2025-26" -> 2025-26
B55: 5 | E55: =IFERROR(VLOOKUP(D55,Cat2A[],2,FALSE),"") | F55: =IF(E55="","",E55/10) | G55: ="2025-26" -> 2025-26
B56: 6 | E56: =IFERROR(VLOOKUP(D56,Cat2A[],2,FALSE),"") | F56: =IF(E56="","",E56/10) | G56: ="2025-26" -> 2025-26
B57: 7 | E57: =IFERROR(VLOOKUP(D57,Cat2A[],2,FALSE),"") | F57: =IF(E57="","",E57/10) | G57: ="2025-26" -> 2025-26
B58: 8 | E58: =IFERROR(VLOOKUP(D58,Cat2A[],2,FALSE),"") | F58: =IF(E58="","",E58/10) | G58: ="2025-26" -> 2025-26
B59: 9 | E59: =IFERROR(VLOOKUP(D59,Cat2A[],2,FALSE),"") | F59: =IF(E59="","",E59/10) | G59: ="2025-26" -> 2025-26
B60: 10 | E60: =IFERROR(VLOOKUP(D60,Cat2A[],2,FALSE),"") | F60: =IF(E60="","",E60/10) | G60: ="2025-26" -> 2025-26
B61: 11 | E61: =IFERROR(VLOOKUP(D61,Cat2A[],2,FALSE),"") | F61: =IF(E61="","",E61/10) | G61: ="2025-26" -> 2025-26
B62: 12 | E62: =IFERROR(VLOOKUP(D62,Cat2A[],2,FALSE),"") | F62: =IF(E62="","",E62/10) | G62: ="2025-26" -> 2025-26
... B71: 21 | E71: =IFERROR(VLOOKUP(D71,Cat2A[],2,FALSE),"") | F71: =IF(E71="","",E71/10) | G71: ="2025-26" -> 2025-26
D72: Total | E72: =SUM(E51:E71) -> 0 | F72: =SUM(F51:F71) -> 0 | G72: Final API 2.A
D73: API 2.A | E73: =F72 -> 0 | G73: =MIN(E73,K50) -> 0
A75: B | B75: Corporate / Academic Administrative
B77: S. No. | C77: Supporting Details | D77: Duty Type | E77: Duty Count | F77: Score | G77: Points | H77: AY | J77: Max: | K77: 15
B78: 1 | F78: =IF(OR(D78="",E78=""),"",E78*IFERROR(VLOOKUP(D78,Cat2B[],2,FALSE),"")) | G78: =IF(F78="","",F78/10) | H78: ="2025-26" -> 2025-26
B79: 2 | F79: =IF(OR(D79="",E79=""),"",E79*IFERROR(VLOOKUP(D79,Cat2B[],2,FALSE),"")) | G79: =IF(F79="","",F79/10) | H79: ="2025-26" -> 2025-26
B80: 3 | F80: =IF(OR(D80="",E80=""),"",E80*IFERROR(VLOOKUP(D80,Cat2B[],2,FALSE),"")) | G80: =IF(F80="","",F80/10) | H80: ="2025-26" -> 2025-26
B81: 4 | F81: =IF(OR(D81="",E81=""),"",E81*IFERROR(VLOOKUP(D81,Cat2B[],2,FALSE),"")) | G81: =IF(F81="","",F81/10) | H81: ="2025-26" -> 2025-26
B82: 5 | F82: =IF(OR(D82="",E82=""),"",E82*IFERROR(VLOOKUP(D82,Cat2B[],2,FALSE),"")) | G82: =IF(F82="","",F82/10) | H82: ="2025-26" -> 2025-26
B83: 6 | F83: =IF(OR(D83="",E83=""),"",E83*IFERROR(VLOOKUP(D83,Cat2B[],2,FALSE),"")) | G83: =IF(F83="","",F83/10) | H83: ="2025-26" -> 2025-26
B84: 7 | F84: =IF(OR(D84="",E84=""),"",E84*IFERROR(VLOOKUP(D84,Cat2B[],2,FALSE),"")) | G84: =IF(F84="","",F84/10) | H84: ="2025-26" -> 2025-26
B85: 8 | F85: =IF(OR(D85="",E85=""),"",E85*IFERROR(VLOOKUP(D85,Cat2B[],2,FALSE),"")) | G85: =IF(F85="","",F85/10) | H85: ="2025-26" -> 2025-26
B86: 9 | F86: =IF(OR(D86="",E86=""),"",E86*IFERROR(VLOOKUP(D86,Cat2B[],2,FALSE),"")) | G86: =IF(F86="","",F86/10) | H86: ="2025-26" -> 2025-26
B87: 10 | F87: =IF(OR(D87="",E87=""),"",E87*IFERROR(VLOOKUP(D87,Cat2B[],2,FALSE),"")) | G87: =IF(F87="","",F87/10) | H87: ="2025-26" -> 2025-26
D88: Total | E88: NA | F88: =SUM(F78:F87) -> 0 | G88: =SUM(G78:G87) -> 0 | H88: Final API-2.B
D89: API-2.B | E89: =G88 -> 0 | H89: =MIN(G88,K77) -> 0
A92: C | B92: Professional Development
B94: S. No. | C94: Supporting Details | D94: PDA Type | E94: Score | F94: Points | G94: AY | J94: Max: | K94: 15
B95: 1 | E95: =IFERROR(VLOOKUP(D95,Cat2C[],2,FALSE),"") | F95: =IF(E95="","",E95/10) | G95: ="2025-26" -> 2025-26
B96: 2 | E96: =IFERROR(VLOOKUP(D96,Cat2C[],2,FALSE),"") | F96: =IF(E96="","",E96/10) | G96: ="2025-26" -> 2025-26
B97: 3 | E97: =IFERROR(VLOOKUP(D97,Cat2C[],2,FALSE),"") | F97: =IF(E97="","",E97/10) | G97: ="2025-26" -> 2025-26
B98: 4 | E98: =IFERROR(VLOOKUP(D98,Cat2C[],2,FALSE),"") | F98: =IF(E98="","",E98/10) | G98: ="2025-26" -> 2025-26
B99: 5 | E99: =IFERROR(VLOOKUP(D99,Cat2C[],2,FALSE),"") | F99: =IF(E99="","",E99/10) | G99: ="2025-26" -> 2025-26
B100: 6 | E100: =IFERROR(VLOOKUP(D100,Cat2C[],2,FALSE),"") | F100: =IF(E100="","",E100/10) | G100: ="2025-26" -> 2025-26
B101: 7 | E101: =IFERROR(VLOOKUP(D101,Cat2C[],2,FALSE),"") | F101: =IF(E101="","",E101/10) | G101: ="2025-26" -> 2025-26
B102: 8 | E102: =IFERROR(VLOOKUP(D102,Cat2C[],2,FALSE),"") | F102: =IF(E102="","",E102/10) | G102: ="2025-26" -> 2025-26
D103: Total | E103: =SUM(E95:E102) -> 0 | F103: =SUM(F95:F102) -> 0 | G103: Final API 2.C
D104: API 2.C | E104: =F103 -> 0 | G104: =MIN(E104,K94) -> 0
B106: API 2.A | C106: API 2.B | D106: API 2.C | E106: Final Score (Category 2)
B107: =G73 -> 0 | C107: =H89 -> 0 | D107: =G104 -> 0 | E107: =SUM(B107:D107) -> 0
A109: Category 3
A111: A | B111: Research Papers in Journals
B113: S. No. | C113: Paper Title | D113: Paper Link | E113: Journal Name | F113: Classification | G113: Author Type | H113: Points | I113: AY
H114: =IF(OR(F114="",G114=""),"",SUMIFS(Lookup!$C$40:$C$57,Lookup!$A$40:$A$57,F114,Lookup!$B$40:$B$57,G114)) | I114: ="2025-26" -> 2025-26
G115: Total | H115: =SUM(H114) -> 0
A117: B | B117: Books / Research Projects / Research Guidance / Awards / etc.
B119: S. No. | C119: Supporting Information / Link | D119: Category | E119: Type | F119: Points | G119: AY
B120: 1 | F120: =IF(OR(D120="",E120=""),"",SUMIFS(Lookup!$G$40:$G$81,Lookup!$E$40:$E$81,D120,Lookup!$F$40:$F$81,E120)) | G120: ="2025-26" -> 2025-26
B121: 2 | F121: =IF(OR(D121="",E121=""),"",SUMIFS(Lookup!$G$40:$G$81,Lookup!$E$40:$E$81,D121,Lookup!$F$40:$F$81,E121)) | G121: ="2025-26" -> 2025-26
B122: 3 | F122: =IF(OR(D122="",E122=""),"",SUMIFS(Lookup!$G$40:$G$81,Lookup!$E$40:$E$81,D122,Lookup!$F$40:$F$81,E122)) | G122: ="2025-26" -> 2025-26
B123: 4 | F123: =IF(OR(D123="",E123=""),"",SUMIFS(Lookup!$G$40:$G$81,Lookup!$E$40:$E$81,D123,Lookup!$F$40:$F$81,E123)) | G123: ="2025-26" -> 2025-26
B124: 5 | F124: =IF(OR(D124="",E124=""),"",SUMIFS(Lookup!$G$40:$G$81,Lookup!$E$40:$E$81,D124,Lookup!$F$40:$F$81,E124)) | G124: ="2025-26" -> 2025-26
B125: 6 | F125: =IF(OR(D125="",E125=""),"",SUMIFS(Lookup!$G$40:$G$81,Lookup!$E$40:$E$81,D125,Lookup!$F$40:$F$81,E125)) | G125: ="2025-26" -> 2025-26
B126: 7 | F126: =IF(OR(D126="",E126=""),"",SUMIFS(Lookup!$G$40:$G$81,Lookup!$E$40:$E$81,D126,Lookup!$F$40:$F$81,E126)) | G126: ="2025-26" -> 2025-26
B127: 8 | F127: =IF(OR(D127="",E127=""),"",SUMIFS(Lookup!$G$40:$G$81,Lookup!$E$40:$E$81,D127,Lookup!$F$40:$F$81,E127)) | G127: ="2025-26" -> 2025-26
...

Sheet 2026-27
A1: Category 1
A2: A | B2: Direct Teaching
B4: S. No. | C4: Course Name | D4: Course in | E4: Course Hours | F4: Total Course Hours | G4: API Score | H4: AY | J4: Max: | K4: =60 -> 60
B5: 1 | F5: =IF(OR(C5="",D5="",E5=""),"",IF(D5="Post Graduate",ROUND(E5*7/3,0),IF(D5="Under Graduate",ROUND(ROUND(E5*7/3,0)/2,1),""))) | G5: =IF(F5="","",ROUND(F5/10,2)) | H5: ="2026-27" -> 2026-27
B6: 2 | F6: =IF(OR(C6="",D6="",E6=""),"",IF(D6="Post Graduate",ROUND(E6*7/3,0),IF(D6="Under Graduate",ROUND(ROUND(E6*7/3,0)/2,1),""))) | G6: =IF(F6="","",ROUND(F6/10,2)) | H6: ="2026-27" -> 2026-27
B7: 3 | F7: =IF(OR(C7="",D7="",E7=""),"",IF(D7="Post Graduate",ROUND(E7*7/3,0),IF(D7="Under Graduate",ROUND(ROUND(E7*7/3,0)/2,1),""))) | G7: =IF(F7="","",ROUND(F7/10,2)) | H7: ="2026-27" -> 2026-27
B8: 4 | F8: =IF(OR(C8="",D8="",E8=""),"",IF(D8="Post Graduate",ROUND(E8*7/3,0),IF(D8="Under Graduate",ROUND(ROUND(E8*7/3,0)/2,1),""))) | G8: =IF(F8="","",ROUND(F8/10,2)) | H8: ="2026-27" -> 2026-27
B9: 5 | F9: =IF(OR(C9="",D9="",E9=""),"",IF(D9="Post Graduate",ROUND(E9*7/3,0),IF(D9="Under Graduate",ROUND(ROUND(E9*7/3,0)/2,1),""))) | G9: =IF(F9="","",ROUND(F9/10,2)) | H9: ="2026-27" -> 2026-27
D10: Total Hours | E10: =SUM(E5:E9) -> 0 | F10: =SUM(F5:F9) -> 0 | G10: =SUM(G5:G9) -> 0 | H10: Final API 1.A
D11: API 1.A | E11: =G10 -> 0 | H11: =MIN(E11,K4) -> 0
A13: B | B13: Examination Duties/Invigilation/Question Paper Setting / Evaluation
B15: S. No. | C15: Course | D15: Activity | E15: Hours | F15: Score | G15: AY | J15: Max: | K15: =20 -> 20
B16: Score/Point for Question Paper Setting | D16: (No. of courses taught) X 10 | E16: =COUNTA(C5:C9)*10 -> 0 | F16: =ROUND(E16/10,2) -> 0 | G16: ="2026-27" -> 2026-27
B17: Score/Point for Answer script Evalutation | D17: (No. of courses taught) X 20 | E17: =COUNTA(C5:C9)*20 -> 0 | F17: =ROUND(E17/10,2) -> 0 | G17: ="2026-27" -> 2026-27
B18: 1 | F18: =IF(OR(D18="",E18=""),"",ROUND(E18/10,2)) | G18: ="2026-27" -> 2026-27
B19: 2 | F19: =IF(OR(D19="",E19=""),"",ROUND(E19/10,2)) | G19: ="2026-27" -> 2026-27
B20: 3 | F20: =IF(OR(D20="",E20=""),"",ROUND(E20/10,2)) | G20: ="2026-27" -> 2026-27
B21: 4 | F21: =IF(OR(D21="",E21=""),"",ROUND(E21/10,2)) | G21: ="2026-27" -> 2026-27
B22: 5 | F22: =IF(OR(D22="",E22=""),"",ROUND(E22/10,2)) | G22: ="2026-27" -> 2026-27
B23: 6 | F23: =IF(OR(D23="",E23=""),"",ROUND(E23/10,2)) | G23: ="2026-27" -> 2026-27
B24: 7 | F24: =IF(OR(D24="",E24=""),"",ROUND(E24/10,2)) | G24: ="2026-27" -> 2026-27
B25: 8 | F25: =IF(OR(D25="",E25=""),"",ROUND(E25/10,2)) | G25: ="2026-27" -> 2026-27
B26: 9 | F26: =IF(OR(D26="",E26=""),"",ROUND(E26/10,2)) | G26: ="2026-27" -> 2026-27
B27: 10 | F27: =IF(OR(D27="",E27=""),"",ROUND(E27/10,2)) | G27: ="2026-27" -> 2026-27
B28: 11 | F28: =IF(OR(D28="",E28=""),"",ROUND(E28/10,2)) | G28: ="2026-27" -> 2026-27
B29: 12 | F29: =IF(OR(D29="",E29=""),"",ROUND(E29/10,2)) | G29: ="2026-27" -> 2026-27
D30: Total | E30: =SUM(E16:E29) -> 0 | F30: =SUM(F16:F29) -> 0 | G30: Final API 1.B
D31: API 1.B | E31: =F30 -> 0 | G31: =MIN(E31,K15) -> 0
A33: C | B33: Innovative Teaching
B35: S. No. | C35: Course Name | D35: Course in | E35: Course Hours | F35: Innovative Teaching Hours | G35: AY | J35: Max: | K35: =15 -> 15
B36: 1 | C36: =IF(C5="","",C5) | D36: =IF(D5="","",D5) | E36: =IF(E5="","",E5) | F36: =IF(E36="","",ROUND(E36/3,2)) | G36: ="2026-27" -> 2026-27
B37: 2 | C37: =IF(C6="","",C6) | D37: =IF(D6="","",D6) | E37: =IF(E6="","",E6) | F37: =IF(E37="","",ROUND(E37/3,2)) | G37: ="2026-27" -> 2026-27
B38: 3 | C38: =IF(C7="","",C7) | D38: =IF(D7="","",D7) | E38: =IF(E7="","",E7) | F38: =IF(E38="","",ROUND(E38/3,2)) | G38: ="2026-27" -> 2026-27
B39: 4 | C39: =IF(C8="","",C8) | D39: =IF(D8="","",D8) | E39: =IF(E8="","",E8) | F39: =IF(E39="","",ROUND(E39/3,2)) | G39: ="2026-27" -> 2026-27
B40: 5 | C40: =IF(C9="","",C9) | D40: =IF(D9="","",D9) | E40: =IF(E9="","",E9) | F40: =IF(E40="","",ROUND(E40/3,2)) | G40: ="2026-27" -> 2026-27
E41: Total Hours | F41: =SUM(F36:F40) -> 0 | G41: Final API 1.C
E42: API-1.A | F42: =ROUND(F41/10,2) -> 0 | G42: =MIN(F42,K35) -> 0
B44: API-1.A | C44: API-1.B | D44: API-1.C | E44: Final Score (Category 1)
B45: =H11 -> 0 | C45: =G31 -> 0 | D45: =G42 -> 0 | E45: =SUM(B45:D45) -> 0
A47: Category 2
A48: A | B48: Co-Curricular
B50: S. No. | C50: Supporting Details | D50: Co-Curricular Activity | E50: Score | F50: Points | G50: AY | J50: Max: | K50: 15
B51: 1 | E51: =IFERROR(VLOOKUP(D51,Cat2A[],2,FALSE),"") | F51: =IF(E51="","",E51/10) | G51: ="2026-27" -> 2026-27
B52: 2 | E52: =IFERROR(VLOOKUP(D52,Cat2A[],2,FALSE),"") | F52: =IF(E52="","",E52/10) | G52: ="2026-27" -> 2026-27
B53: 3 | E53: =IFERROR(VLOOKUP(D53,Cat2A[],2,FALSE),"") | F53: =IF(E53="","",E53/10) | G53: ="2026-27" -> 2026-27
B54: 4 | E54: =IFERROR(VLOOKUP(D54,Cat2A[],2,FALSE),"") | F54: =IF(E54="","",E54/10) | G54: ="2026-27" -> 2026-27
B55: 5 | E55: =IFERROR(VLOOKUP(D55,Cat2A[],2,FALSE),"") | F55: =IF(E55="","",E55/10) | G55: ="2026-27" -> 2026-27
B56: 6 | E56: =IFERROR(VLOOKUP(D56,Cat2A[],2,FALSE),"") | F56: =IF(E56="","",E56/10) | G56: ="2026-27" -> 2026-27
B57: 7 | E57: =IFERROR(VLOOKUP(D57,Cat2A[],2,FALSE),"") | F57: =IF(E57="","",E57/10) | G57: ="2026-27" -> 2026-27
B58: 8 | E58: =IFERROR(VLOOKUP(D58,Cat2A[],2,FALSE),"") | F58: =IF(E58="","",E58/10) | G58: ="2026-27" -> 2026-27
B59: 9 | E59: =IFERROR(VLOOKUP(D59,Cat2A[],2,FALSE),"") | F59: =IF(E59="","",E59/10) | G59: ="2026-27" -> 2026-27
B60: 10 | E60: =IFERROR(VLOOKUP(D60,Cat2A[],2,FALSE),"") | F60: =IF(E60="","",E60/10) | G60: ="2026-27" -> 2026-27
B61: 11 | E61: =IFERROR(VLOOKUP(D61,Cat2A[],2,FALSE),"") | F61: =IF(E61="","",E61/10) | G61: ="2026-27" -> 2026-27
B62: 12 | E62: =IFERROR(VLOOKUP(D62,Cat2A[],2,FALSE),"") | F62: =IF(E62="","",E62/10) | G62: ="2026-27" -> 2026-27
... B71: 21 | E71: =IFERROR(VLOOKUP(D71,Cat2A[],2,FALSE),"") | F71: =IF(E71="","",E71/10) | G71: ="2026-27" -> 2026-27
D72: Total | E72: =SUM(E51:E71) -> 0 | F72: =SUM(F51:F71) -> 0 | G72: Final API 2.A
D73: API 2.A | E73: =F72 -> 0 | G73: =MIN(E73,K50) -> 0
A75: B | B75: Corporate / Academic Administrative
B77: S. No. | C77: Supporting Details | D77: Duty Type | E77: Duty Count | F77: Score | G77: Points | H77: AY | J77: Max: | K77: 15
B78: 1 | F78: =IF(OR(D78="",E78=""),"",E78*IFERROR(VLOOKUP(D78,Cat2B[],2,FALSE),"")) | G78: =IF(F78="","",F78/10) | H78: ="2026-27" -> 2026-27
B79: 2 | F79: =IF(OR(D79="",E79=""),"",E79*IFERROR(VLOOKUP(D79,Cat2B[],2,FALSE),"")) | G79: =IF(F79="","",F79/10) | H79: ="2026-27" -> 2026-27
B80: 3 | F80: =IF(OR(D80="",E80=""),"",E80*IFERROR(VLOOKUP(D80,Cat2B[],2,FALSE),"")) | G80: =IF(F80="","",F80/10) | H80: ="2026-27" -> 2026-27
B81: 4 | F81: =IF(OR(D81="",E81=""),"",E81*IFERROR(VLOOKUP(D81,Cat2B[],2,FALSE),"")) | G81: =IF(F81="","",F81/10) | H81: ="2026-27" -> 2026-27
B82: 5 | F82: =IF(OR(D82="",E82=""),"",E82*IFERROR(VLOOKUP(D82,Cat2B[],2,FALSE),"")) | G82: =IF(F82="","",F82/10) | H82: ="2026-27" -> 2026-27
B83: 6 | F83: =IF(OR(D83="",E83=""),"",E83*IFERROR(VLOOKUP(D83,Cat2B[],2,FALSE),"")) | G83: =IF(F83="","",F83/10) | H83: ="2026-27" -> 2026-27
B84: 7 | F84: =IF(OR(D84="",E84=""),"",E84*IFERROR(VLOOKUP(D84,Cat2B[],2,FALSE),"")) | G84: =IF(F84="","",F84/10) | H84: ="2026-27" -> 2026-27
B85: 8 | F85: =IF(OR(D85="",E85=""),"",E85*IFERROR(VLOOKUP(D85,Cat2B[],2,FALSE),"")) | G85: =IF(F85="","",F85/10) | H85: ="2026-27" -> 2026-27
B86: 9 | F86: =IF(OR(D86="",E86=""),"",E86*IFERROR(VLOOKUP(D86,Cat2B[],2,FALSE),"")) | G86: =IF(F86="","",F86/10) | H86: ="2026-27" -> 2026-27
B87: 10 | F87: =IF(OR(D87="",E87=""),"",E87*IFERROR(VLOOKUP(D87,Cat2B[],2,FALSE),"")) | G87: =IF(F87="","",F87/10) | H87: ="2026-27" -> 2026-27
D88: Total | E88: NA | F88: =SUM(F78:F87) -> 0 | G88: =SUM(G78:G87) -> 0 | H88: Final API-2.B
D89: API-2.B | E89: =G88 -> 0 | H89: =MIN(G88,K77) -> 0
A92: C | B92: Professional Development
B94: S. No. | C94: Supporting Details | D94: PDA Type | E94: Score | F94: Points | G94: AY | J94: Max: | K94: 15
B95: 1 | E95: =IFERROR(VLOOKUP(D95,Cat2C[],2,FALSE),"") | F95: =IF(E95="","",E95/10) | G95: ="2026-27" -> 2026-27
B96: 2 | E96: =IFERROR(VLOOKUP(D96,Cat2C[],2,FALSE),"") | F96: =IF(E96="","",E96/10) | G96: ="2026-27" -> 2026-27
B97: 3 | E97: =IFERROR(VLOOKUP(D97,Cat2C[],2,FALSE),"") | F97: =IF(E97="","",E97/10) | G97: ="2026-27" -> 2026-27
B98: 4 | E98: =IFERROR(VLOOKUP(D98,Cat2C[],2,FALSE),"") | F98: =IF(E98="","",E98/10) | G98: ="2026-27" -> 2026-27
B99: 5 | E99: =IFERROR(VLOOKUP(D99,Cat2C[],2,FALSE),"") | F99: =IF(E99="","",E99/10) | G99: ="2026-27" -> 2026-27
B100: 6 | E100: =IFERROR(VLOOKUP(D100,Cat2C[],2,FALSE),"") | F100: =IF(E100="","",E100/10) | G100: ="2026-27" -> 2026-27
B101: 7 | E101: =IFERROR(VLOOKUP(D101,Cat2C[],2,FALSE),"") | F101: =IF(E101="","",E101/10) | G101: ="2026-27" -> 2026-27
B102: 8 | E102: =IFERROR(VLOOKUP(D102,Cat2C[],2,FALSE),"") | F102: =IF(E102="","",E102/10) | G102: ="2026-27" -> 2026-27
D103: Total | E103: =SUM(E95:E102) -> 0 | F103: =SUM(F95:F102) -> 0 | G103: Final API 2.C
D104: API 2.C | E104: =F103 -> 0 | G104: =MIN(E104,K94) -> 0
B106: API 2.A | C106: API 2.B | D106: API 2.C | E106: Final Score (Category 2)
B107: =G73 -> 0 | C107: =H89 -> 0 | D107: =G104 -> 0 | E107: =SUM(B107:D107) -> 0
A109: Category 3
A111: A | B111: Research Papers in Journals
B113: S. No. | C113: Paper Title | D113: Paper Link | E113: Journal Name | F113: Classification | G113: Author Type | H113: Points | I113: AY
H114: =IF(OR(F114="",G114=""),"",SUMIFS(Lookup!$C$40:$C$57,Lookup!$A$40:$A$57,F114,Lookup!$B$40:$B$57,G114)) | I114: ="2026-27" -> 2026-27
G115: Total | H115: =SUM(H114) -> 0
A117: B | B117: Books / Research Projects / Research Guidance / Awards / etc.
B119: S. No. | C119: Supporting Information / Link | D119: Category | E119: Type | F119: Points | G119: AY
B120: 1 | F120: =IF(OR(D120="",E120=""),"",SUMIFS(Lookup!$G$40:$G$81,Lookup!$E$40:$E$81,D120,Lookup!$F$40:$F$81,E120)) | G120: ="2026-27" -> 2026-27
B121: 2 | F121: =IF(OR(D121="",E121=""),"",SUMIFS(Lookup!$G$40:$G$81,Lookup!$E$40:$E$81,D121,Lookup!$F$40:$F$81,E121)) | G121: ="2026-27" -> 2026-27
B122: 3 | F122: =IF(OR(D122="",E122=""),"",SUMIFS(Lookup!$G$40:$G$81,Lookup!$E$40:$E$81,D122,Lookup!$F$40:$F$81,E122)) | G122: ="2026-27" -> 2026-27
B123: 4 | F123: =IF(OR(D123="",E123=""),"",SUMIFS(Lookup!$G$40:$G$81,Lookup!$E$40:$E$81,D123,Lookup!$F$40:$F$81,E123)) | G123: ="2026-27" -> 2026-27
B124: 5 | F124: =IF(OR(D124="",E124=""),"",SUMIFS(Lookup!$G$40:$G$81,Lookup!$E$40:$E$81,D124,Lookup!$F$40:$F$81,E124)) | G124: ="2026-27" -> 2026-27
B125: 6 | F125: =IF(OR(D125="",E125=""),"",SUMIFS(Lookup!$G$40:$G$81,Lookup!$E$40:$E$81,D125,Lookup!$F$40:$F$81,E125)) | G125: ="2026-27" -> 2026-27
B126: 7 | F126: =IF(OR(D126="",E126=""),"",SUMIFS(Lookup!$G$40:$G$81,Lookup!$E$40:$E$81,D126,Lookup!$F$40:$F$81,E126)) | G126: ="2026-27" -> 2026-27
B127: 8 | F127: =IF(OR(D127="",E127=""),"",SUMIFS(Lookup!$G$40:$G$81,Lookup!$E$40:$E$81,D127,Lookup!$F$40:$F$81,E127)) | G127: ="2026-27" -> 2026-27
...

Sheet 2027-28
A1: Category 1
A2: A | B2: Direct Teaching
B4: S. No. | C4: Course Name | D4: Course in | E4: Course Hours | F4: Total Course Hours | G4: API Score | H4: AY | J4: Max: | K4: =60 -> 60
B5: 1 | F5: =IF(OR(C5="",D5="",E5=""),"",IF(D5="Post Graduate",ROUND(E5*7/3,0),IF(D5="Under Graduate",ROUND(ROUND(E5*7/3,0)/2,1),""))) | G5: =IF(F5="","",ROUND(F5/10,2)) | H5: ="2027-28" -> 2027-28
B6: 2 | F6: =IF(OR(C6="",D6="",E6=""),"",IF(D6="Post Graduate",ROUND(E6*7/3,0),IF(D6="Under Graduate",ROUND(ROUND(E6*7/3,0)/2,1),""))) | G6: =IF(F6="","",ROUND(F6/10,2)) | H6: ="2027-28" -> 2027-28
B7: 3 | F7: =IF(OR(C7="",D7="",E7=""),"",IF(D7="Post Graduate",ROUND(E7*7/3,0),IF(D7="Under Graduate",ROUND(ROUND(E7*7/3,0)/2,1),""))) | G7: =IF(F7="","",ROUND(F7/10,2)) | H7: ="2027-28" -> 2027-28
B8: 4 | F8: =IF(OR(C8="",D8="",E8=""),"",IF(D8="Post Graduate",ROUND(E8*7/3,0),IF(D8="Under Graduate",ROUND(ROUND(E8*7/3,0)/2,1),""))) | G8: =IF(F8="","",ROUND(F8/10,2)) | H8: ="2027-28" -> 2027-28
B9: 5 | F9: =IF(OR(C9="",D9="",E9=""),"",IF(D9="Post Graduate",ROUND(E9*7/3,0),IF(D9="Under Graduate",ROUND(ROUND(E9*7/3,0)/2,1),""))) | G9: =IF(F9="","",ROUND(F9/10,2)) | H9: ="2027-28" -> 2027-28
D10: Total Hours | E10: =SUM(E5:E9) -> 0 | F10: =SUM(F5:F9) -> 0 | G10: =SUM(G5:G9) -> 0 | H10: Final API 1.A
D11: API 1.A | E11: =G10 -> 0 | H11: =MIN(E11,K4) -> 0
A13: B | B13: Examination Duties/Invigilation/Question Paper Setting / Evaluation
B15: S. No. | C15: Course | D15: Activity | E15: Hours | F15: Score | G15: AY | J15: Max: | K15: =20 -> 20
B16: Score/Point for Question Paper Setting | D16: (No. of courses taught) X 10 | E16: =COUNTA(C5:C9)*10 -> 0 | F16: =ROUND(E16/10,2) -> 0 | G16: ="2027-28" -> 2027-28
B17: Score/Point for Answer script Evalutation | D17: (No. of courses taught) X 20 | E17: =COUNTA(C5:C9)*20 -> 0 | F17: =ROUND(E17/10,2) -> 0 | G17: ="2027-28" -> 2027-28
B18: 1 | F18: =IF(OR(D18="",E18=""),"",ROUND(E18/10,2)) | G18: ="2027-28" -> 2027-28
B19: 2 | F19: =IF(OR(D19="",E19=""),"",ROUND(E19/10,2)) | G19: ="2027-28" -> 2027-28
B20: 3 | F20: =IF(OR(D20="",E20=""),"",ROUND(E20/10,2)) | G20: ="2027-28" -> 2027-28
B21: 4 | F21: =IF(OR(D21="",E21=""),"",ROUND(E21/10,2)) | G21: ="2027-28" -> 2027-28
B22: 5 | F22: =IF(OR(D22="",E22=""),"",ROUND(E22/10,2)) | G22: ="2027-28" -> 2027-28
B23: 6 | F23: =IF(OR(D23="",E23=""),"",ROUND(E23/10,2)) | G23: ="2027-28" -> 2027-28
B24: 7 | F24: =IF(OR(D24="",E24=""),"",ROUND(E24/10,2)) | G24: ="2027-28" -> 2027-28
B25: 8 | F25: =IF(OR(D25="",E25=""),"",ROUND(E25/10,2)) | G25: ="2027-28" -> 2027-28
B26: 9 | F26: =IF(OR(D26="",E26=""),"",ROUND(E26/10,2)) | G26: ="2027-28" -> 2027-28
B27: 10 | F27: =IF(OR(D27="",E27=""),"",ROUND(E27/10,2)) | G27: ="2027-28" -> 2027-28
B28: 11 | F28: =IF(OR(D28="",E28=""),"",ROUND(E28/10,2)) | G28: ="2027-28" -> 2027-28
B29: 12 | F29: =IF(OR(D29="",E29=""),"",ROUND(E29/10,2)) | G29: ="2027-28" -> 2027-28
D30: Total | E30: =SUM(E16:E29) -> 0 | F30: =SUM(F16:F29) -> 0 | G30: Final API 1.B
D31: API 1.B | E31: =F30 -> 0 | G31: =MIN(E31,K15) -> 0
A33: C | B33: Innovative Teaching
B35: S. No. | C35: Course Name | D35: Course in | E35: Course Hours | F35: Innovative Teaching Hours | G35: AY | J35: Max: | K35: =15 -> 15
B36: 1 | C36: =IF(C5="","",C5) | D36: =IF(D5="","",D5) | E36: =IF(E5="","",E5) | F36: =IF(E36="","",ROUND(E36/3,2)) | G36: ="2027-28" -> 2027-28
B37: 2 | C37: =IF(C6="","",C6) | D37: =IF(D6="","",D6) | E37: =IF(E6="","",E6) | F37: =IF(E37="","",ROUND(E37/3,2)) | G37: ="2027-28" -> 2027-28
B38: 3 | C38: =IF(C7="","",C7) | D38: =IF(D7="","",D7) | E38: =IF(E7="","",E7) | F38: =IF(E38="","",ROUND(E38/3,2)) | G38: ="2027-28" -> 2027-28
B39: 4 | C39: =IF(C8="","",C8) | D39: =IF(D8="","",D8) | E39: =IF(E8="","",E8) | F39: =IF(E39="","",ROUND(E39/3,2)) | G39: ="2027-28" -> 2027-28
B40: 5 | C40: =IF(C9="","",C9) | D40: =IF(D9="","",D9) | E40: =IF(E9="","",E9) | F40: =IF(E40="","",ROUND(E40/3,2)) | G40: ="2027-28" -> 2027-28
E41: Total Hours | F41: =SUM(F36:F40) -> 0 | G41: Final API 1.C
E42: API-1.A | F42: =ROUND(F41/10,2) -> 0 | G42: =MIN(F42,K35) -> 0
B44: API-1.A | C44: API-1.B | D44: API-1.C | E44: Final Score (Category 1)
B45: =H11 -> 0 | C45: =G31 -> 0 | D45: =G42 -> 0 | E45: =SUM(B45:D45) -> 0
A47: Category 2
A48: A | B48: Co-Curricular
B50: S. No. | C50: Supporting Details | D50: Co-Curricular Activity | E50: Score | F50: Points | G50: AY | J50: Max: | K50: 15
B51: 1 | E51: =IFERROR(VLOOKUP(D51,Cat2A[],2,FALSE),"") | F51: =IF(E51="","",E51/10) | G51: ="2027-28" -> 2027-28
B52: 2 | E52: =IFERROR(VLOOKUP(D52,Cat2A[],2,FALSE),"") | F52: =IF(E52="","",E52/10) | G52: ="2027-28" -> 2027-28
B53: 3 | E53: =IFERROR(VLOOKUP(D53,Cat2A[],2,FALSE),"") | F53: =IF(E53="","",E53/10) | G53: ="2027-28" -> 2027-28
B54: 4 | E54: =IFERROR(VLOOKUP(D54,Cat2A[],2,FALSE),"") | F54: =IF(E54="","",E54/10) | G54: ="2027-28" -> 2027-28
B55: 5 | E55: =IFERROR(VLOOKUP(D55,Cat2A[],2,FALSE),"") | F55: =IF(E55="","",E55/10) | G55: ="2027-28" -> 2027-28
B56: 6 | E56: =IFERROR(VLOOKUP(D56,Cat2A[],2,FALSE),"") | F56: =IF(E56="","",E56/10) | G56: ="2027-28" -> 2027-28
B57: 7 | E57: =IFERROR(VLOOKUP(D57,Cat2A[],2,FALSE),"") | F57: =IF(E57="","",E57/10) | G57: ="2027-28" -> 2027-28
B58: 8 | E58: =IFERROR(VLOOKUP(D58,Cat2A[],2,FALSE),"") | F58: =IF(E58="","",E58/10) | G58: ="2027-28" -> 2027-28
B59: 9 | E59: =IFERROR(VLOOKUP(D59,Cat2A[],2,FALSE),"") | F59: =IF(E59="","",E59/10) | G59: ="2027-28" -> 2027-28
B60: 10 | E60: =IFERROR(VLOOKUP(D60,Cat2A[],2,FALSE),"") | F60: =IF(E60="","",E60/10) | G60: ="2027-28" -> 2027-28
B61: 11 | E61: =IFERROR(VLOOKUP(D61,Cat2A[],2,FALSE),"") | F61: =IF(E61="","",E61/10) | G61: ="2027-28" -> 2027-28
B62: 12 | E62: =IFERROR(VLOOKUP(D62,Cat2A[],2,FALSE),"") | F62: =IF(E62="","",E62/10) | G62: ="2027-28" -> 2027-28
... B71: 21 | E71: =IFERROR(VLOOKUP(D71,Cat2A[],2,FALSE),"") | F71: =IF(E71="","",E71/10) | G71: ="2027-28" -> 2027-28
D72: Total | E72: =SUM(E51:E71) -> 0 | F72: =SUM(F51:F71) -> 0 | G72: Final API 2.A
D73: API 2.A | E73: =F72 -> 0 | G73: =MIN(E73,K50) -> 0
A75: B | B75: Corporate / Academic Administrative
B77: S. No. | C77: Supporting Details | D77: Duty Type | E77: Duty Count | F77: Score | G77: Points | H77: AY | J77: Max: | K77: 15
B78: 1 | F78: =IF(OR(D78="",E78=""),"",E78*IFERROR(VLOOKUP(D78,Cat2B[],2,FALSE),"")) | G78: =IF(F78="","",F78/10) | H78: ="2027-28" -> 2027-28
B79: 2 | F79: =IF(OR(D79="",E79=""),"",E79*IFERROR(VLOOKUP(D79,Cat2B[],2,FALSE),"")) | G79: =IF(F79="","",F79/10) | H79: ="2027-28" -> 2027-28
B80: 3 | F80: =IF(OR(D80="",E80=""),"",E80*IFERROR(VLOOKUP(D80,Cat2B[],2,FALSE),"")) | G80: =IF(F80="","",F80/10) | H80: ="2027-28" -> 2027-28
B81: 4 | F81: =IF(OR(D81="",E81=""),"",E81*IFERROR(VLOOKUP(D81,Cat2B[],2,FALSE),"")) | G81: =IF(F81="","",F81/10) | H81: ="2027-28" -> 2027-28
B82: 5 | F82: =IF(OR(D82="",E82=""),"",E82*IFERROR(VLOOKUP(D82,Cat2B[],2,FALSE),"")) | G82: =IF(F82="","",F82/10) | H82: ="2027-28" -> 2027-28
B83: 6 | F83: =IF(OR(D83="",E83=""),"",E83*IFERROR(VLOOKUP(D83,Cat2B[],2,FALSE),"")) | G83: =IF(F83="","",F83/10) | H83: ="2027-28" -> 2027-28
B84: 7 | F84: =IF(OR(D84="",E84=""),"",E84*IFERROR(VLOOKUP(D84,Cat2B[],2,FALSE),"")) | G84: =IF(F84="","",F84/10) | H84: ="2027-28" -> 2027-28
B85: 8 | F85: =IF(OR(D85="",E85=""),"",E85*IFERROR(VLOOKUP(D85,Cat2B[],2,FALSE),"")) | G85: =IF(F85="","",F85/10) | H85: ="2027-28" -> 2027-28
B86: 9 | F86: =IF(OR(D86="",E86=""),"",E86*IFERROR(VLOOKUP(D86,Cat2B[],2,FALSE),"")) | G86: =IF(F86="","",F86/10) | H86: ="2027-28" -> 2027-28
B87: 10 | F87: =IF(OR(D87="",E87=""),"",E87*IFERROR(VLOOKUP(D87,Cat2B[],2,FALSE),"")) | G87: =IF(F87="","",F87/10) | H87: ="2027-28" -> 2027-28
D88: Total | E88: NA | F88: =SUM(F78:F87) -> 0 | G88: =SUM(G78:G87) -> 0 | H88: Final API-2.B
D89: API-2.B | E89: =G88 -> 0 | H89: =MIN(G88,K77) -> 0
A92: C | B92: Professional Development
B94: S. No. | C94: Supporting Details | D94: PDA Type | E94: Score | F94: Points | G94: AY | J94: Max: | K94: 15
B95: 1 | E95: =IFERROR(VLOOKUP(D95,Cat2C[],2,FALSE),"") | F95: =IF(E95="","",E95/10) | G95: ="2027-28" -> 2027-28
B96: 2 | E96: =IFERROR(VLOOKUP(D96,Cat2C[],2,FALSE),"") | F96: =IF(E96="","",E96/10) | G96: ="2027-28" -> 2027-28
B97: 3 | E97: =IFERROR(VLOOKUP(D97,Cat2C[],2,FALSE),"") | F97: =IF(E97="","",E97/10) | G97: ="2027-28" -> 2027-28
B98: 4 | E98: =IFERROR(VLOOKUP(D98,Cat2C[],2,FALSE),"") | F98: =IF(E98="","",E98/10) | G98: ="2027-28" -> 2027-28
B99: 5 | E99: =IFERROR(VLOOKUP(D99,Cat2C[],2,FALSE),"") | F99: =IF(E99="","",E99/10) | G99: ="2027-28" -> 2027-28
B100: 6 | E100: =IFERROR(VLOOKUP(D100,Cat2C[],2,FALSE),"") | F100: =IF(E100="","",E100/10) | G100: ="2027-28" -> 2027-28
B101: 7 | E101: =IFERROR(VLOOKUP(D101,Cat2C[],2,FALSE),"") | F101: =IF(E101="","",E101/10) | G101: ="2027-28" -> 2027-28
B102: 8 | E102: =IFERROR(VLOOKUP(D102,Cat2C[],2,FALSE),"") | F102: =IF(E102="","",E102/10) | G102: ="2027-28" -> 2027-28
D103: Total | E103: =SUM(E95:E102) -> 0 | F103: =SUM(F95:F102) -> 0 | G103: Final API 2.C
D104: API 2.C | E104: =F103 -> 0 | G104: =MIN(E104,K94) -> 0
B106: API 2.A | C106: API 2.B | D106: API 2.C | E106: Final Score (Category 2)
B107: =G73 -> 0 | C107: =H89 -> 0 | D107: =G104 -> 0 | E107: =SUM(B107:D107) -> 0
A109: Category 3
A111: A | B111: Research Papers in Journals
B113: S. No. | C113: Paper Title | D113: Paper Link | E113: Journal Name | F113: Classification | G113: Author Type | H113: Points | I113: AY
H114: =IF(OR(F114="",G114=""),"",SUMIFS(Lookup!$C$40:$C$57,Lookup!$A$40:$A$57,F114,Lookup!$B$40:$B$57,G114)) | I114: ="2027-28" -> 2027-28
G115: Total | H115: =SUM(H114) -> 0
A117: B | B117: Books / Research Projects / Research Guidance / Awards / etc.
B119: S. No. | C119: Supporting Information / Link | D119: Category | E119: Type | F119: Points | G119: AY
B120: 1 | F120: =IF(OR(D120="",E120=""),"",SUMIFS(Lookup!$G$40:$G$81,Lookup!$E$40:$E$81,D120,Lookup!$F$40:$F$81,E120)) | G120: ="2027-28" -> 2027-28
B121: 2 | F121: =IF(OR(D121="",E121=""),"",SUMIFS(Lookup!$G$40:$G$81,Lookup!$E$40:$E$81,D121,Lookup!$F$40:$F$81,E121)) | G121: ="2027-28" -> 2027-28
B122: 3 | F122: =IF(OR(D122="",E122=""),"",SUMIFS(Lookup!$G$40:$G$81,Lookup!$E$40:$E$81,D122,Lookup!$F$40:$F$81,E122)) | G122: ="2027-28" -> 2027-28
B123: 4 | F123: =IF(OR(D123="",E123=""),"",SUMIFS(Lookup!$G$40:$G$81,Lookup!$E$40:$E$81,D123,Lookup!$F$40:$F$81,E123)) | G123: ="2027-28" -> 2027-28
B124: 5 | F124: =IF(OR(D124="",E124=""),"",SUMIFS(Lookup!$G$40:$G$81,Lookup!$E$40:$E$81,D124,Lookup!$F$40:$F$81,E124)) | G124: ="2027-28" -> 2027-28
B125: 6 | F125: =IF(OR(D125="",E125=""),"",SUMIFS(Lookup!$G$40:$G$81,Lookup!$E$40:$E$81,D125,Lookup!$F$40:$F$81,E125)) | G125: ="2027-28" -> 2027-28
B126: 7 | F126: =IF(OR(D126="",E126=""),"",SUMIFS(Lookup!$G$40:$G$81,Lookup!$E$40:$E$81,D126,Lookup!$F$40:$F$81,E126)) | G126: ="2027-28" -> 2027-28
B127: 8 | F127: =IF(OR(D127="",E127=""),"",SUMIFS(Lookup!$G$40:$G$81,Lookup!$E$40:$E$81,D127,Lookup!$F$40:$F$81,E127)) | G127: ="2027-28" -> 2027-28
...

Sheet 2028-29
A1: Category 1
A2: A | B2: Direct Teaching
B4: S. No. | C4: Course Name | D4: Course in | E4: Course Hours | F4: Total Course Hours | G4: API Score | H4: AY | J4: Max: | K4: =60 -> 60
B5: 1 | F5: =IF(OR(C5="",D5="",E5=""),"",IF(D5="Post Graduate",ROUND(E5*7/3,0),IF(D5="Under Graduate",ROUND(ROUND(E5*7/3,0)/2,1),""))) | G5: =IF(F5="","",ROUND(F5/10,2)) | H5: ="2028-29" -> 2028-29
B6: 2 | F6: =IF(OR(C6="",D6="",E6=""),"",IF(D6="Post Graduate",ROUND(E6*7/3,0),IF(D6="Under Graduate",ROUND(ROUND(E6*7/3,0)/2,1),""))) | G6: =IF(F6="","",ROUND(F6/10,2)) | H6: ="2028-29" -> 2028-29
B7: 3 | F7: =IF(OR(C7="",D7="",E7=""),"",IF(D7="Post Graduate",ROUND(E7*7/3,0),IF(D7="Under Graduate",ROUND(ROUND(E7*7/3,0)/2,1),""))) | G7: =IF(F7="","",ROUND(F7/10,2)) | H7: ="2028-29" -> 2028-29
B8: 4 | F8: =IF(OR(C8="",D8="",E8=""),"",IF(D8="Post Graduate",ROUND(E8*7/3,0),IF(D8="Under Graduate",ROUND(ROUND(E8*7/3,0)/2,1),""))) | G8: =IF(F8="","",ROUND(F8/10,2)) | H8: ="2028-29" -> 2028-29
B9: 5 | F9: =IF(OR(C9="",D9="",E9=""),"",IF(D9="Post Graduate",ROUND(E9*7/3,0),IF(D9="Under Graduate",ROUND(ROUND(E9*7/3,0)/2,1),""))) | G9: =IF(F9="","",ROUND(F9/10,2)) | H9: ="2028-29" -> 2028-29
D10: Total Hours | E10: =SUM(E5:E9) -> 0 | F10: =SUM(F5:F9) -> 0 | G10: =SUM(G5:G9) -> 0 | H10: Final API 1.A
D11: API 1.A | E11: =G10 -> 0 | H11: =MIN(E11,K4) -> 0
A13: B | B13: Examination Duties/Invigilation/Question Paper Setting / Evaluation
B15: S. No. | C15: Course | D15: Activity | E15: Hours | F15: Score | G15: AY | J15: Max: | K15: =20 -> 20
B16: Score/Point for Question Paper Setting | D16: (No. of courses taught) X 10 | E16: =COUNTA(C5:C9)*10 -> 0 | F16: =ROUND(E16/10,2) -> 0 | G16: ="2028-29" -> 2028-29
B17: Score/Point for Answer script Evalutation | D17: (No. of courses taught) X 20 | E17: =COUNTA(C5:C9)*20 -> 0 | F17: =ROUND(E17/10,2) -> 0 | G17: ="2028-29" -> 2028-29
B18: 1 | F18: =IF(OR(D18="",E18=""),"",ROUND(E18/10,2)) | G18: ="2028-29" -> 2028-29
B19: 2 | F19: =IF(OR(D19="",E19=""),"",ROUND(E19/10,2)) | G19: ="2028-29" -> 2028-29
B20: 3 | F20: =IF(OR(D20="",E20=""),"",ROUND(E20/10,2)) | G20: ="2028-29" -> 2028-29
B21: 4 | F21: =IF(OR(D21="",E21=""),"",ROUND(E21/10,2)) | G21: ="2028-29" -> 2028-29
B22: 5 | F22: =IF(OR(D22="",E22=""),"",ROUND(E22/10,2)) | G22: ="2028-29" -> 2028-29
B23: 6 | F23: =IF(OR(D23="",E23=""),"",ROUND(E23/10,2)) | G23: ="2028-29" -> 2028-29
B24: 7 | F24: =IF(OR(D24="",E24=""),"",ROUND(E24/10,2)) | G24: ="2028-29" -> 2028-29
B25: 8 | F25: =IF(OR(D25="",E25=""),"",ROUND(E25/10,2)) | G25: ="2028-29" -> 2028-29
B26: 9 | F26: =IF(OR(D26="",E26=""),"",ROUND(E26/10,2)) | G26: ="2028-29" -> 2028-29
B27: 10 | F27: =IF(OR(D27="",E27=""),"",ROUND(E27/10,2)) | G27: ="2028-29" -> 2028-29
B28: 11 | F28: =IF(OR(D28="",E28=""),"",ROUND(E28/10,2)) | G28: ="2028-29" -> 2028-29
B29: 12 | F29: =IF(OR(D29="",E29=""),"",ROUND(E29/10,2)) | G29: ="2028-29" -> 2028-29
D30: Total | E30: =SUM(E16:E29) -> 0 | F30: =SUM(F16:F29) -> 0 | G30: Final API 1.B
D31: API 1.B | E31: =F30 -> 0 | G31: =MIN(E31,K15) -> 0
A33: C | B33: Innovative Teaching
B35: S. No. | C35: Course Name | D35: Course in | E35: Course Hours | F35: Innovative Teaching Hours | G35: AY | J35: Max: | K35: =15 -> 15
B36: 1 | C36: =IF(C5="","",C5) | D36: =IF(D5="","",D5) | E36: =IF(E5="","",E5) | F36: =IF(E36="","",ROUND(E36/3,2)) | G36: ="2028-29" -> 2028-29
B37: 2 | C37: =IF(C6="","",C6) | D37: =IF(D6="","",D6) | E37: =IF(E6="","",E6) | F37: =IF(E37="","",ROUND(E37/3,2)) | G37: ="2028-29" -> 2028-29
B38: 3 | C38: =IF(C7="","",C7) | D38: =IF(D7="","",D7) | E38: =IF(E7="","",E7) | F38: =IF(E38="","",ROUND(E38/3,2)) | G38: ="2028-29" -> 2028-29
B39: 4 | C39: =IF(C8="","",C8) | D39: =IF(D8="","",D8) | E39: =IF(E8="","",E8) | F39: =IF(E39="","",ROUND(E39/3,2)) | G39: ="2028-29" -> 2028-29
B40: 5 | C40: =IF(C9="","",C9) | D40: =IF(D9="","",D9) | E40: =IF(E9="","",E9) | F40: =IF(E40="","",ROUND(E40/3,2)) | G40: ="2028-29" -> 2028-29
E41: Total Hours | F41: =SUM(F36:F40) -> 0 | G41: Final API 1.C
E42: API-1.A | F42: =ROUND(F41/10,2) -> 0 | G42: =MIN(F42,K35) -> 0
B44: API-1.A | C44: API-1.B | D44: API-1.C | E44: Final Score (Category 1)
B45: =H11 -> 0 | C45: =G31 -> 0 | D45: =G42 -> 0 | E45: =SUM(B45:D45) -> 0
A47: Category 2
A48: A | B48: Co-Curricular
B50: S. No. | C50: Supporting Details | D50: Co-Curricular Activity | E50: Score | F50: Points | G50: AY | J50: Max: | K50: 15
B51: 1 | E51: =IFERROR(VLOOKUP(D51,Cat2A[],2,FALSE),"") | F51: =IF(E51="","",E51/10) | G51: ="2028-29" -> 2028-29
B52: 2 | E52: =IFERROR(VLOOKUP(D52,Cat2A[],2,FALSE),"") | F52: =IF(E52="","",E52/10) | G52: ="2028-29" -> 2028-29
B53: 3 | E53: =IFERROR(VLOOKUP(D53,Cat2A[],2,FALSE),"") | F53: =IF(E53="","",E53/10) | G53: ="2028-29" -> 2028-29
B54: 4 | E54: =IFERROR(VLOOKUP(D54,Cat2A[],2,FALSE),"") | F54: =IF(E54="","",E54/10) | G54: ="2028-29" -> 2028-29
B55: 5 | E55: =IFERROR(VLOOKUP(D55,Cat2A[],2,FALSE),"") | F55: =IF(E55="","",E55/10) | G55: ="2028-29" -> 2028-29
B56: 6 | E56: =IFERROR(VLOOKUP(D56,Cat2A[],2,FALSE),"") | F56: =IF(E56="","",E56/10) | G56: ="2028-29" -> 2028-29
B57: 7 | E57: =IFERROR(VLOOKUP(D57,Cat2A[],2,FALSE),"") | F57: =IF(E57="","",E57/10) | G57: ="2028-29" -> 2028-29
B58: 8 | E58: =IFERROR(VLOOKUP(D58,Cat2A[],2,FALSE),"") | F58: =IF(E58="","",E58/10) | G58: ="2028-29" -> 2028-29
B59: 9 | E59: =IFERROR(VLOOKUP(D59,Cat2A[],2,FALSE),"") | F59: =IF(E59="","",E59/10) | G59: ="2028-29" -> 2028-29
B60: 10 | E60: =IFERROR(VLOOKUP(D60,Cat2A[],2,FALSE),"") | F60: =IF(E60="","",E60/10) | G60: ="2028-29" -> 2028-29
B61: 11 | E61: =IFERROR(VLOOKUP(D61,Cat2A[],2,FALSE),"") | F61: =IF(E61="","",E61/10) | G61: ="2028-29" -> 2028-29
B62: 12 | E62: =IFERROR(VLOOKUP(D62,Cat2A[],2,FALSE),"") | F62: =IF(E62="","",E62/10) | G62: ="2028-29" -> 2028-29
... B71: 21 | E71: =IFERROR(VLOOKUP(D71,Cat2A[],2,FALSE),"") | F71: =IF(E71="","",E71/10) | G71: ="2028-29" -> 2028-29
D72: Total | E72: =SUM(E51:E71) -> 0 | F72: =SUM(F51:F71) -> 0 | G72: Final API 2.A
D73: API 2.A | E73: =F72 -> 0 | G73: =MIN(E73,K50) -> 0
A75: B | B75: Corporate / Academic Administrative
B77: S. No. | C77: Supporting Details | D77: Duty Type | E77: Duty Count | F77: Score | G77: Points | H77: AY | J77: Max: | K77: 15
B78: 1 | F78: =IF(OR(D78="",E78=""),"",E78*IFERROR(VLOOKUP(D78,Cat2B[],2,FALSE),"")) | G78: =IF(F78="","",F78/10) | H78: ="2028-29" -> 2028-29
B79: 2 | F79: =IF(OR(D79="",E79=""),"",E79*IFERROR(VLOOKUP(D79,Cat2B[],2,FALSE),"")) | G79: =IF(F79="","",F79/10) | H79: ="2028-29" -> 2028-29
B80: 3 | F80: =IF(OR(D80="",E80=""),"",E80*IFERROR(VLOOKUP(D80,Cat2B[],2,FALSE),"")) | G80: =IF(F80="","",F80/10) | H80: ="2028-29" -> 2028-29
B81: 4 | F81: =IF(OR(D81="",E81=""),"",E81*IFERROR(VLOOKUP(D81,Cat2B[],2,FALSE),"")) | G81: =IF(F81="","",F81/10) | H81: ="2028-29" -> 2028-29
B82: 5 | F82: =IF(OR(D82="",E82=""),"",E82*IFERROR(VLOOKUP(D82,Cat2B[],2,FALSE),"")) | G82: =IF(F82="","",F82/10) | H82: ="2028-29" -> 2028-29
B83: 6 | F83: =IF(OR(D83="",E83=""),"",E83*IFERROR(VLOOKUP(D83,Cat2B[],2,FALSE),"")) | G83: =IF(F83="","",F83/10) | H83: ="2028-29" -> 2028-29
B84: 7 | F84: =IF(OR(D84="",E84=""),"",E84*IFERROR(VLOOKUP(D84,Cat2B[],2,FALSE),"")) | G84: =IF(F84="","",F84/10) | H84: ="2028-29" -> 2028-29
B85: 8 | F85: =IF(OR(D85="",E85=""),"",E85*IFERROR(VLOOKUP(D85,Cat2B[],2,FALSE),"")) | G85: =IF(F85="","",F85/10) | H85: ="2028-29" -> 2028-29
B86: 9 | F86: =IF(OR(D86="",E86=""),"",E86*IFERROR(VLOOKUP(D86,Cat2B[],2,FALSE),"")) | G86: =IF(F86="","",F86/10) | H86: ="2028-29" -> 2028-29
B87: 10 | F87: =IF(OR(D87="",E87=""),"",E87*IFERROR(VLOOKUP(D87,Cat2B[],2,FALSE),"")) | G87: =IF(F87="","",F87/10) | H87: ="2028-29" -> 2028-29
D88: Total | E88: NA | F88: =SUM(F78:F87) -> 0 | G88: =SUM(G78:G87) -> 0 | H88: Final API-2.B
D89: API-2.B | E89: =G88 -> 0 | H89: =MIN(G88,K77) -> 0
A92: C | B92: Professional Development
B94: S. No. | C94: Supporting Details | D94: PDA Type | E94: Score | F94: Points | G94: AY | J94: Max: | K94: 15
B95: 1 | E95: =IFERROR(VLOOKUP(D95,Cat2C[],2,FALSE),"") | F95: =IF(E95="","",E95/10) | G95: ="2028-29" -> 2028-29
B96: 2 | E96: =IFERROR(VLOOKUP(D96,Cat2C[],2,FALSE),"") | F96: =IF(E96="","",E96/10) | G96: ="2028-29" -> 2028-29
B97: 3 | E97: =IFERROR(VLOOKUP(D97,Cat2C[],2,FALSE),"") | F97: =IF(E97="","",E97/10) | G97: ="2028-29" -> 2028-29
B98: 4 | E98: =IFERROR(VLOOKUP(D98,Cat2C[],2,FALSE),"") | F98: =IF(E98="","",E98/10) | G98: ="2028-29" -> 2028-29
B99: 5 | E99: =IFERROR(VLOOKUP(D99,Cat2C[],2,FALSE),"") | F99: =IF(E99="","",E99/10) | G99: ="2028-29" -> 2028-29
B100: 6 | E100: =IFERROR(VLOOKUP(D100,Cat2C[],2,FALSE),"") | F100: =IF(E100="","",E100/10) | G100: ="2028-29" -> 2028-29
B101: 7 | E101: =IFERROR(VLOOKUP(D101,Cat2C[],2,FALSE),"") | F101: =IF(E101="","",E101/10) | G101: ="2028-29" -> 2028-29
B102: 8 | E102: =IFERROR(VLOOKUP(D102,Cat2C[],2,FALSE),"") | F102: =IF(E102="","",E102/10) | G102: ="2028-29" -> 2028-29
D103: Total | E103: =SUM(E95:E102) -> 0 | F103: =SUM(F95:F102) -> 0 | G103: Final API 2.C
D104: API 2.C | E104: =F103 -> 0 | G104: =MIN(E104,K94) -> 0
B106: API 2.A | C106: API 2.B | D106: API 2.C | E106: Final Score (Category 2)
B107: =G73 -> 0 | C107: =H89 -> 0 | D107: =G104 -> 0 | E107: =SUM(B107:D107) -> 0
A109: Category 3
A111: A | B111: Research Papers in Journals
B113: S. No. | C113: Paper Title | D113: Paper Link | E113: Journal Name | F113: Classification | G113: Author Type | H113: Points | I113: AY
H114: =IF(OR(F114="",G114=""),"",SUMIFS(Lookup!$C$40:$C$57,Lookup!$A$40:$A$57,F114,Lookup!$B$40:$B$57,G114)) | I114: ="2028-29" -> 2028-29
G115: Total | H115: =SUM(H114) -> 0
A117: B | B117: Books / Research Projects / Research Guidance / Awards / etc.
B119: S. No. | C119: Supporting Information / Link | D119: Category | E119: Type | F119: Points | G119: AY
B120: 1 | F120: =IF(OR(D120="",E120=""),"",SUMIFS(Lookup!$G$40:$G$81,Lookup!$E$40:$E$81,D120,Lookup!$F$40:$F$81,E120)) | G120: ="2028-29" -> 2028-29
B121: 2 | F121: =IF(OR(D121="",E121=""),"",SUMIFS(Lookup!$G$40:$G$81,Lookup!$E$40:$E$81,D121,Lookup!$F$40:$F$81,E121)) | G121: ="2028-29" -> 2028-29
B122: 3 | F122: =IF(OR(D122="",E122=""),"",SUMIFS(Lookup!$G$40:$G$81,Lookup!$E$40:$E$81,D122,Lookup!$F$40:$F$81,E122)) | G122: ="2028-29" -> 2028-29
B123: 4 | F123: =IF(OR(D123="",E123=""),"",SUMIFS(Lookup!$G$40:$G$81,Lookup!$E$40:$E$81,D123,Lookup!$F$40:$F$81,E123)) | G123: ="2028-29" -> 2028-29
B124: 5 | F124: =IF(OR(D124="",E124=""),"",SUMIFS(Lookup!$G$40:$G$81,Lookup!$E$40:$E$81,D124,Lookup!$F$40:$F$81,E124)) | G124: ="2028-29" -> 2028-29
B125: 6 | F125: =IF(OR(D125="",E125=""),"",SUMIFS(Lookup!$G$40:$G$81,Lookup!$E$40:$E$81,D125,Lookup!$F$40:$F$81,E125)) | G125: ="2028-29" -> 2028-29
B126: 7 | F126: =IF(OR(D126="",E126=""),"",SUMIFS(Lookup!$G$40:$G$81,Lookup!$E$40:$E$81,D126,Lookup!$F$40:$F$81,E126)) | G126: ="2028-29" -> 2028-29
B127: 8 | F127: =IF(OR(D127="",E127=""),"",SUMIFS(Lookup!$G$40:$G$81,Lookup!$E$40:$E$81,D127,Lookup!$F$40:$F$81,E127)) | G127: ="2028-29" -> 2028-29
...
